repo,pr,type,added,churned,events,ratio
antiwork/flexile,446,AI,1,1,1,1.0
antiwork/flexile,373,Human,525,238,61,0.4533333333333333
antiwork/flexile,178,AI,22,22,2,1.0
antiwork/flexile,164,Human,13,13,3,1.0
antiwork/flexile,383,AI,30,2,1,0.06666666666666667
antiwork/flexile,228,Human,323,320,69,0.9907120743034056
antiwork/flexile,341,AI,45,16,5,0.35555555555555557
antiwork/flexile,310,Human,11,11,3,1.0
antiwork/flexile,442,AI,3,0,0,0.0
antiwork/flexile,414,Human,1,0,0,0.0
antiwork/flexile,615,AI,73,4,8,0.0547945205479452
antiwork/flexile,90,Human,1756,1711,167,0.974373576309795
antiwork/flexile,634,AI,3,2,2,0.6666666666666666
antiwork/flexile,194,Human,208,186,29,0.8942307692307693
antiwork/flexile,227,AI,1127,1126,83,0.9991126885536823
antiwork/flexile,399,Human,704,245,39,0.34801136363636365
antiwork/flexile,385,AI,71,70,4,0.9859154929577465
antiwork/flexile,144,Human,27,27,2,1.0
antiwork/flexile,309,AI,7,0,0,0.0
antiwork/flexile,404,Human,13,8,26,0.6153846153846154
featureform/enrichmcp,48,AI,2140,157,43,0.07336448598130842
featureform/enrichmcp,49,AI,2140,157,43,0.07336448598130842
featureform/enrichmcp,59,AI,9,2,4,0.2222222222222222
featureform/enrichmcp,54,AI,2140,157,43,0.07336448598130842
featureform/enrichmcp,93,AI,246,8,4,0.032520325203252036
featureform/enrichmcp,147,AI,1,0,0,0.0
featureform/enrichmcp,97,AI,2,0,0,0.0
featureform/enrichmcp,57,AI,2140,157,43,0.07336448598130842
featureform/enrichmcp,90,Human,166,4,1,0.024096385542168676
featureform/enrichmcp,146,AI,42,0,0,0.0
bionic-gpt/bionic-gpt,954,AI,20,0,0,0.0
bionic-gpt/bionic-gpt,764,Human,510,448,64,0.8784313725490196
bionic-gpt/bionic-gpt,800,AI,7,7,1,1.0
bionic-gpt/bionic-gpt,807,Human,1930,1027,57,0.5321243523316063
bionic-gpt/bionic-gpt,891,AI,195,23,9,0.11794871794871795
bionic-gpt/bionic-gpt,895,Human,10,0,0,0.0
bionic-gpt/bionic-gpt,829,AI,430,179,20,0.41627906976744183
bionic-gpt/bionic-gpt,890,Human,10,0,0,0.0
bionic-gpt/bionic-gpt,903,AI,68,0,0,0.0
bionic-gpt/bionic-gpt,774,Human,611,541,53,0.8854337152209493
bionic-gpt/bionic-gpt,957,AI,75,0,0,0.0
bionic-gpt/bionic-gpt,891,Human,195,23,9,0.11794871794871795
bionic-gpt/bionic-gpt,952,AI,8,0,0,0.0
bionic-gpt/bionic-gpt,804,Human,885,263,69,0.29717514124293787
bionic-gpt/bionic-gpt,906,AI,7,0,0,0.0
bionic-gpt/bionic-gpt,770,Human,48,47,2,0.9791666666666666
bionic-gpt/bionic-gpt,870,AI,78,13,7,0.16666666666666666
bionic-gpt/bionic-gpt,734,Human,702,582,54,0.8290598290598291
dotnet/aspire,9995,AI,398,203,36,0.5100502512562815
dotnet/aspire,9191,Human,56,9,3,0.16071428571428573
dotnet/aspire,10064,AI,81,1,2,0.012345679012345678
dotnet/aspire,9369,Human,29,29,7,1.0
dotnet/aspire,7861,Human,252,89,15,0.3531746031746032
dotnet/aspire,9776,AI,1,0,0,0.0
dotnet/aspire,8323,Human,14,0,0,0.0
dotnet/aspire,9815,AI,268,0,0,0.0
dotnet/aspire,8995,Human,20,20,5,1.0
dotnet/aspire,10152,AI,127,3,2,0.023622047244094488
dotnet/aspire,7961,Human,24,2,1,0.08333333333333333
dotnet/aspire,9509,AI,87,23,9,0.26436781609195403
dotnet/aspire,8318,Human,9,3,7,0.3333333333333333
dotnet/aspire,9872,AI,2,0,1,0.0
dotnet/aspire,7782,Human,70,0,0,0.0
dotnet/aspire,10074,AI,790,109,32,0.1379746835443038
dotnet/aspire,9108,Human,66,5,1,0.07575757575757576
dotnet/aspire,9814,AI,47,3,4,0.06382978723404255
novuhq/novu,8538,AI,125,1,3,0.008
novuhq/novu,8093,Human,79,25,7,0.31645569620253167
novuhq/novu,8196,Human,6,4,3,0.6666666666666666
novuhq/novu,8701,AI,770,106,42,0.13766233766233765
novuhq/novu,8327,Human,30,30,1,1.0
novuhq/novu,8612,AI,136,14,10,0.10294117647058823
novuhq/novu,8219,Human,1,0,0,0.0
novuhq/novu,8752,AI,2,0,3,0.0
novuhq/novu,7792,Human,12,2,4,0.16666666666666666
novuhq/novu,8746,AI,1,0,0,0.0
novuhq/novu,8197,Human,2,0,0,0.0
novuhq/novu,8548,AI,198,10,7,0.050505050505050504
novuhq/novu,8249,Human,1331,112,81,0.08414725770097671
novuhq/novu,8569,Human,4,0,0,0.0
novuhq/novu,8705,AI,28,15,7,0.5357142857142857
novuhq/novu,7663,Human,91,70,40,0.7692307692307693
novuhq/novu,8613,AI,69,12,18,0.17391304347826086
novuhq/novu,8028,Human,1,1,1,1.0
novuhq/novu,8565,AI,39,1,1,0.02564102564102564
novuhq/novu,7605,Human,4,0,0,0.0
novuhq/novu,8562,AI,203,93,16,0.458128078817734
novuhq/novu,7702,Human,342,40,16,0.11695906432748537
novuhq/novu,8636,AI,5,4,3,0.8
novuhq/novu,8202,Human,45,38,3,0.8444444444444444
novuhq/novu,8335,AI,133,10,2,0.07518796992481203
novuhq/novu,7745,Human,11,0,0,0.0
novuhq/novu,8409,AI,46,12,2,0.2608695652173913
novuhq/novu,8182,Human,7,2,1,0.2857142857142857
liam-hq/liam,2224,AI,41,41,20,1.0
liam-hq/liam,2258,Human,177,177,7,1.0
liam-hq/liam,2454,AI,48,31,4,0.6458333333333334
liam-hq/liam,578,Human,109,7,6,0.06422018348623854
liam-hq/liam,2156,AI,411,385,12,0.9367396593673966
liam-hq/liam,993,Human,681,681,26,1.0
liam-hq/liam,1010,AI,1,1,1,1.0
liam-hq/liam,2189,Human,3,0,1,0.0
liam-hq/liam,2069,AI,131,131,9,1.0
liam-hq/liam,1255,Human,432,108,43,0.25
liam-hq/liam,954,AI,243,167,85,0.6872427983539094
liam-hq/liam,643,Human,31,0,1,0.0
liam-hq/liam,1875,AI,2,1,1,0.5
liam-hq/liam,1677,Human,789,788,25,0.9987325728770595
liam-hq/liam,1945,AI,87,40,5,0.45977011494252873
liam-hq/liam,1039,Human,39,4,15,0.10256410256410256
liam-hq/liam,1916,AI,11,0,0,0.0
liam-hq/liam,1150,Human,156,156,243,1.0
liam-hq/liam,1517,AI,159,159,17,1.0
liam-hq/liam,1371,Human,507,507,28,1.0
liam-hq/liam,1570,AI,76,76,14,1.0
liam-hq/liam,1367,Human,280,276,32,0.9857142857142858
liam-hq/liam,2566,AI,3,3,1,1.0
liam-hq/liam,1422,Human,75,75,99,1.0
liam-hq/liam,957,Human,55,23,16,0.41818181818181815
liam-hq/liam,2264,AI,18,8,12,0.4444444444444444
liam-hq/liam,905,Human,16,16,5,1.0
liam-hq/liam,1652,AI,9,4,3,0.4444444444444444
liam-hq/liam,1109,Human,75,74,78,0.9866666666666667
liam-hq/liam,1338,AI,11,11,11,1.0
liam-hq/liam,1096,Human,223,223,31,1.0
liam-hq/liam,2770,AI,7,7,4,1.0
liam-hq/liam,1408,Human,602,191,81,0.31727574750830567
liam-hq/liam,1541,AI,61,57,56,0.9344262295081968
liam-hq/liam,1144,Human,49,46,57,0.9387755102040817
liam-hq/liam,1957,AI,6,0,2,0.0
liam-hq/liam,428,Human,12,8,3,0.6666666666666666
getsentry/sentry,95934,AI,51,4,4,0.0784313725490196
getsentry/sentry,85268,Human,329,85,25,0.25835866261398177
getsentry/sentry,93223,AI,8,0,0,0.0
getsentry/sentry,90082,Human,61,2,22,0.03278688524590164
getsentry/sentry,94169,AI,532,95,10,0.17857142857142858
getsentry/sentry,87421,Human,176,0,0,0.0
getsentry/sentry,94888,AI,53,2,4,0.03773584905660377
getsentry/sentry,92762,Human,102,12,11,0.11764705882352941
getsentry/sentry,93512,AI,33,33,2,1.0
getsentry/sentry,85352,Human,242,237,10,0.9793388429752066
getsentry/sentry,94261,AI,4,0,0,0.0
getsentry/sentry,88748,Human,24,6,3,0.25
getsentry/sentry,93946,AI,9,9,2,1.0
getsentry/sentry,83085,Human,77,2,3,0.025974025974025976
getsentry/sentry,94264,AI,27,0,0,0.0
getsentry/sentry,94465,Human,1,0,0,0.0
getsentry/sentry,93325,AI,11,11,3,1.0
getsentry/sentry,92785,Human,258,9,2,0.03488372093023256
getsentry/sentry,95780,AI,85,30,19,0.35294117647058826
getsentry/sentry,89622,Human,175,15,9,0.08571428571428572
getsentry/sentry,93709,AI,40,0,0,0.0
getsentry/sentry,87169,Human,5,4,4,0.8
getsentry/sentry,95516,AI,1,0,0,0.0
getsentry/sentry,86438,Human,39,1,4,0.02564102564102564
mlflow/mlflow,16449,AI,6,6,3,1.0
mlflow/mlflow,14342,Human,1,0,1,0.0
mlflow/mlflow,15256,Human,53,0,1,0.0
mlflow/mlflow,16442,AI,153,48,16,0.3137254901960784
mlflow/mlflow,16125,Human,52,10,9,0.19230769230769232
mlflow/mlflow,16658,AI,620,7,7,0.01129032258064516
mlflow/mlflow,16059,Human,364,6,7,0.016483516483516484
mlflow/mlflow,15993,AI,2,0,0,0.0
mlflow/mlflow,14860,Human,41,0,1,0.0
mlflow/mlflow,16080,AI,6,0,0,0.0
mlflow/mlflow,15298,Human,74,13,11,0.17567567567567569
mlflow/mlflow,16191,AI,4,4,1,1.0
mlflow/mlflow,15809,Human,17,4,2,0.23529411764705882
mlflow/mlflow,15839,AI,141,1,3,0.0070921985815602835
mlflow/mlflow,15856,AI,5,5,1,1.0
mlflow/mlflow,16271,Human,7,0,0,0.0
mlflow/mlflow,16533,AI,10,0,0,0.0
mlflow/mlflow,14364,Human,20,13,1,0.65
mlflow/mlflow,16543,AI,66,0,0,0.0
mlflow/mlflow,15834,Human,122,105,51,0.860655737704918
mlflow/mlflow,15865,AI,30,0,0,0.0
mlflow/mlflow,14346,Human,15,1,0,0.06666666666666667
microsoft/vscode,250771,AI,25,2,0,0.08
microsoft/vscode,240745,Human,61,19,2,0.3114754098360656
microsoft/vscode,255415,AI,8,8,1,1.0
microsoft/vscode,239072,Human,5,5,1,1.0
microsoft/vscode,251027,AI,1,0,0,0.0
microsoft/vscode,250739,Human,23,23,6,1.0
microsoft/vscode,250730,AI,19,0,0,0.0
microsoft/vscode,249363,Human,4,4,2,1.0
microsoft/vscode,250784,AI,58,0,0,0.0
microsoft/vscode,239134,Human,2,0,0,0.0
microsoft/vscode,252405,AI,52,2,1,0.038461538461538464
microsoft/vscode,241236,Human,1,0,0,0.0
microsoft/vscode,254676,AI,3,0,0,0.0
microsoft/vscode,244194,Human,8,4,3,0.5
microsoft/vscode,251154,AI,1,0,0,0.0
microsoft/vscode,240259,Human,40,14,7,0.35
microsoft/vscode,251442,AI,11,0,0,0.0
microsoft/vscode,244826,Human,24,24,7,1.0
microsoft/vscode,253266,AI,4,0,0,0.0
microsoft/vscode,246467,Human,6,3,1,0.5
microsoft/vscode,252016,AI,12,1,1,0.08333333333333333
microsoft/vscode,237686,Human,807,85,52,0.10532837670384139
microsoft/vscode,252305,AI,5,0,0,0.0
microsoft/vscode,250559,Human,1,0,0,0.0
microsoft/vscode,254223,AI,17,5,2,0.29411764705882354
microsoft/vscode,246185,Human,171,86,69,0.5029239766081871
microsoft/vscode,252212,AI,32,1,1,0.03125
elizaOS/eliza,5490,AI,317,56,20,0.17665615141955837
elizaOS/eliza,3345,Human,530,530,1,1.0
elizaOS/eliza,5565,AI,3967,2567,217,0.6470884799596672
elizaOS/eliza,4310,Human,15,15,3,1.0
elizaOS/eliza,4935,AI,218,218,40,1.0
elizaOS/eliza,4962,Human,46,45,53,0.9782608695652174
elizaOS/eliza,5489,AI,1000,999,75,0.999
elizaOS/eliza,5529,AI,238,218,17,0.9159663865546218
elizaOS/eliza,2836,Human,19,19,17,1.0
elizaOS/eliza,5535,AI,478,352,3,0.7364016736401674
elizaOS/eliza,2905,Human,155,155,40,1.0
elizaOS/eliza,5395,AI,3,2,2,0.6666666666666666
elizaOS/eliza,4675,Human,123,123,22,1.0
elizaOS/eliza,5581,AI,182,182,45,1.0
elizaOS/eliza,4091,Human,404,402,45,0.995049504950495
